연번,업종명,업소명,소     재     지,면적(㎡)
1,일반음식점,로드킹, 청주시 서원구 1순환로672번길 6  2층 (사창동),198
2,일반음식점,회색집, 청주시 서원구 1순환로694번길 12 (사창동),220
3,일반음식점,문화주택, 청주시 서원구 1순환로672번길 31  1층 (사창동),268
4,일반음식점,모모로, 청주시 서원구 1순환로672번길 25  2층 (사창동),166
5,일반음식점,다사랑치킨호프, 청주시 서원구 신율로53번길 53  1층 (개신동),136
6,일반음식점,뉴욕바닷가재, 청주시 서원구 1순환로 715  1층 (사창동),238
7,일반음식점,위(Oui), 청주시 서원구 내수동로114번길 26 (사창동 (지하1층)),193
8,일반음식점,서래갈매기, 청주시 서원구 내수동로108번길 23  1층 (사창동),199
9,일반음식점,오듀오(O:duo), 청주시 서원구 1순환로672번길 50 (사창동 (2층)),109
10,일반음식점,라면국물편의점포차(충북대점), 청주시 서원구 1순환로704번길 78  2층 (사창동),169
11,일반음식점,용구비어, 청주시 서원구 신율로 49 (개신동 번지  108호),2103
12,일반음식점,대길식당, 청주시 서원구 창신로 34-1 (사창동 (1층)),91
13,일반음식점,장군집, 청주시 서원구 성봉로220번길 156  1동 1층 (개신동),121
14,일반음식점,미소분식, 청주시 서원구 신율로 57 (개신동 (1층)),143
15,일반음식점,설레임, 청주시 서원구 신율로53번길 58 (개신동 (1층)),134
16,일반음식점,옆집 충대점, 청주시 서원구 내수동로108번길 23  2층 (사창동),199
17,일반음식점,뻘건집, 청주시 서원구 내수동로114번길 42  1층 (사창동),147
18,일반음식점,장미맨숀, 청주시 서원구 내수동로114번길 41  1층 (사창동),171
19,일반음식점,오꾸꼬, 청주시 서원구 창직로 17-2 (사창동 (1층)),110
20,일반음식점,코소쿠식당, 청주시 서원구 1순환로674번길 66  1층 (사창동),330
21,일반음식점,중문떡볶이, 청주시 서원구 1순환로672번길 36 (사창동 (1층)),169
22,일반음식점,리빙룸(living room), 청주시 서원구 내수동로108번길 51  지하1층 (사창동),191
23,일반음식점,탭플레이 청주사창사거리점, 청주시 서원구 사직대로144번길 12  외 1필지   B동 1층 (사창동),106
24,일반음식점,24시 기사식당, 청주시 서원구 봉명로150번길 41  1층 (사창동  드림빌),179
25,일반음식점,치킨앤칩스, 청주시 서원구 모충로25번길 9  1층 104 105호 (개신동),465
26,일반음식점,치얼스(cheers), 청주시 서원구 창직로 21  1층 (사창동),133
27,일반음식점,플루메리아, 청주시 서원구 1순환로674번길 18  3층 301호 (사창동),100
28,일반음식점,카레자유, 청주시 서원구 사직대로 211  1층 (사직동),60
29,일반음식점,이자카야청상, 청주시 서원구 내수동로108번길 21  2층 (사창동),107
30,일반음식점,코나(kona), 청주시 서원구 창신로25번길 3  1층 (사창동),75
31,일반음식점,닭발방, 청주시 서원구 내수동로114번길 28 (사창동),101
32,일반음식점,숯불닭발, 청주시 서원구 내수동로108번길 26  2층 (사창동),186
33,일반음식점,순남시래기, 청주시 서원구 사직대로 160  1층 113호 (사창동  사창 하트리움 에덴),2762
34,일반음식점,느낌, 청주시 서원구 1순환로680번길 13-2  2층 (사창동),235
35,일반음식점,오삼구 포차, 청주시 서원구 1순환로672번길 30  5층 (사창동),234
36,일반음식점,김우동, 청주시 서원구 1순환로751번길 29  상가동 1층 103호 (개신동  태암베스트윙 ),127
37,일반음식점,하루, 청주시 서원구 예체로67번길 32  1층 (사창동),122
38,일반음식점,달랑주점, 청주시 서원구 1순환로694번길 4  2층 (사창동),138
39,일반음식점,로스팅 빈, 청주시 서원구 사직대로144번길 35-2  1 2층 (사창동),163
40,일반음식점,자갈치 생선구이 전문점, 청주시 서원구 예체로 147-2  1층 (사창동),125
41,일반음식점,느낌이 좋아, 청주시 서원구 창신로 43  2층 (사창동),385
42,일반음식점,홍스팅, 청주시 서원구 봉명로228번길 11-1  1층 (사창동),109
43,일반음식점,컵오커피(cup o' coffee), 청주시 서원구 사직대로175번길 36  지하층 (사창동),94
44,일반음식점,쿄우노식당 개신점, 청주시 서원구 복대로 7  1층 106호 (개신동  대상마스터빌딩),900
45,일반음식점,온니원, 청주시 서원구 복대로 7  대상마스터빌딩 1층 111 112호 (개신동),900
46,일반음식점,네오피자 청주1호점, 청주시 서원구 봉명로142번길 45  1층 (사창동),115
47,일반음식점,이팔청춘(충북대점), 청주시 서원구 1순환로672번길 19  3층 (사창동),198
48,일반음식점,붐붐, 청주시 서원구 1순환로672번길 50  3층 (사창동),108
49,일반음식점,하루세끼, 청주시 서원구 내수동로 170-1  1층 (사창동),57
50,일반음식점,쿄우다이, 청주시 서원구 내수동로108번길 18  2층 (사창동),176
51,일반음식점,고급라면, 청주시 서원구 1순환로704번길 46  1층 (사창동),119
52,일반음식점,국민야시장, 청주시 서원구 1순환로672번길 23  2층 3층 (사창동),164
53,일반음식점,드랍더비트, 청주시 서원구 내수동로 107  지하1층 (사창동),138
54,일반음식점,마더맘치킨 사창점, 청주시 서원구 창직로25번길 30 (사창동  지하 1층),100
55,일반음식점,카페앙꼬, 청주시 서원구 내수동로 158-1  1층 (사창동),83
56,일반음식점,개똥이네포차, 청주시 서원구 1순환로672번길 7  3층 (사창동),183
57,일반음식점,밀방, 청주시 서원구 내수동로 140  1층 (사창동),299
58,일반음식점,비긴어게인, 청주시 서원구 경신로 32-15  1층 (개신동),256
59,일반음식점,진가네소곱창연구소, 청주시 서원구 복대로17번길 11  1층 103호 (개신동),611
60,일반음식점,모에루, 청주시 서원구 내수동로 125  1층 (사창동),111
61,일반음식점,우리집 숯불고기, 청주시 서원구 내수동로108번길 28  3층 (사창동),131
62,일반음식점,알앤디(RnD), 청주시 서원구 내수동로108번길 28  지하1층 (사창동),131
63,일반음식점,건강한진수성찬, 청주시 서원구 1순환로638번길 46  1층 (사창동),105
64,일반음식점,만나고 쪽갈비가, 청주시 서원구 사직대로144번길 35-2  1층 104호 (사창동),163
65,일반음식점,심야공간, 청주시 서원구 내수동로108번길 16  지하1층 (사창동),83
66,일반음식점,카페샌드-윗, 청주시 서원구 1순환로 751  1층 (개신동),122
67,일반음식점,비포선라이즈, 청주시 서원구 1순환로680번길 5  2층 (사창동),116
68,일반음식점,이디엇츠(iDIOTS), 청주시 서원구 내수동로108번길 18  1층 (사창동),179
69,일반음식점,티룸, 청주시 서원구 내수동로 140  1층 103호 (사창동),299
70,일반음식점,반가츠, 청주시 서원구 복대로 31  갤러리타워 1층 107호 (개신동),804
71,일반음식점,일이네석쇠불고기, 청주시 서원구 사직대로144번길 35-2  1층 103호 (사창동),167
72,일반음식점,은화수식당 충북대점, 청주시 서원구 내수동로102번길 40  1층 (사창동),150
73,일반음식점,동대문떡볶이 동떡충북대점, 청주시 서원구 1순환로 682  1층 SHOP#103호 (사창동),906
74,일반음식점,헝그리브라더스 필라프앤파스타 사창점, 청주시 서원구 사직대로157번길 29  1층 (사창동),97
75,일반음식점,쭈닭, 청주시 서원구 예체로1번길 43  1층 (개신동),61
76,일반음식점,사사삼에스티(443st), 청주시 서원구 1순환로674번길 26  2층 (사창동),239
77,일반음식점,고수의 비법, 청주시 서원구 사직대로82번길 21  1층 (사창동),127
78,일반음식점,동감(同感), 청주시 서원구 창직로 45-1  1층 (사창동),62
79,일반음식점,충대가맥, 청주시 서원구 내수동로102번길 50  4층 (사창동),270
80,일반음식점,브라더스, 청주시 서원구 1순환로694번길 12  1층 102호 (사창동),226
81,일반음식점,대동집충북대점, 청주시 서원구 1순환로672번길 31  1층 (사창동),267
82,일반음식점,달아래, 청주시 서원구 1순환로674번길 21  2층 (사창동),254
83,일반음식점,그루브, 청주시 서원구 1순환로672번길 42  지하1층 (사창동),166
84,일반음식점,60계치킨 수곡개신점, 청주시 서원구 모충로 9  1층 103호 (개신동),121
85,일반음식점,맨션드도쿄, 청주시 서원구 1순환로674번길 18  2층 (사창동),102
86,일반음식점,맛있는 정원, 청주시 서원구 복대로17번길 23  1층 101호 (개신동  빌라),
87,일반음식점,귀한자식 수제생통까스, 청주시 서원구 복대로17번길 11  104호 (개신동),
88,일반음식점,계화옛날통닭, 청주시 서원구 예체로 85-2  1층 (사창동),
89,일반음식점,Bo on (본), 청주시 서원구 1순환로672번길 25  지하1층 (사창동),
90,일반음식점,불난주막, 청주시 서원구 1순환로672번길 45  1층 (사창동),
91,일반음식점,떡보라, 청주시 서원구 내수동로 157  1층 (사창동),
92,일반음식점,곱깨비(충북대점), 청주시 서원구 모충로3번길 81  1층 109호 (개신동  한진아파트),
93,일반음식점,제이푸드 출장음식, 청주시 서원구 1순환로 785  송학삼익맨션상가동 2층 201호 (개신동),
94,일반음식점,배달의황제, 청주시 서원구 1순환로709번길 5  1층 (사창동),
95,일반음식점,초동분식, 청주시 서원구 창신로31번길 16  1층 (사창동),
96,일반음식점,대도, 청주시 서원구 천석로14번길 17  1층 (사창동),
97,일반음식점,조선옥, 청주시 서원구 성봉로 157  1층 (개신동)[*미고시],
98,일반음식점,신서방 교자만두, 청주시 서원구 창신로31번길 11  1층 (사창동),
99,일반음식점,옛날칼국수, 청주시 서원구 내수동로 162-1  1층 (사창동),
100,일반음식점,94포차, 청주시 서원구 예체로19번길 7  1층 101호 (개신동),
101,일반음식점,라비올레, 청주시 서원구 1순환로638번길 50  1층 (사창동),
102,일반음식점,혼자먹어도 맛있는족, 청주시 서원구 사직대로164번길 48  1층 102호 (사창동),
103,일반음식점,인사동손칼국수손만두, 청주시 서원구 예체로67번길 73  1층 (사창동),
104,일반음식점,불스떡볶이, 청주시 서원구 천수로 23  1층 (사창동),
105,일반음식점,한솥청주개신중앙점, 청주시 서원구 복대로 15  1층 (개신동),
106,일반음식점,제이라운지, 청주시 서원구 1순환로672번길 10  3층 (사창동),
107,일반음식점,정견, 청주시 서원구 1순환로674번길 22  1층 (사창동),
108,일반음식점,청년맥주, 청주시 서원구 천석로14번길 17  1층 (사창동),
109,일반음식점,동래호프, 청주시 서원구 1순환로672번길 22  1층 (사창동),
110,일반음식점,산이포장마차, 청주시 서원구 성봉로220번길 24  1층 (개신동),
111,일반음식점,바흐트, 청주시 서원구 1순환로 661-1  2층 (사창동),
112,일반음식점,불난술집, 청주시 서원구 1순환로672번길 46  1층 (사창동),
113,일반음식점,패치워크, 청주시 서원구 1순환로704번길 78  지하1층 (사창동),
114,일반음식점,코이요스시, 청주시 서원구 창직로 20  1층 (사창동),
115,일반음식점,대로, 청주시 서원구 예체로 117  1층 (사창동),
116,일반음식점,레드홀(RED HOLE), 청주시 서원구 1순환로672번길 25  3층 (사창동),
117,일반음식점,스위치(Switch), 청주시 서원구 모충로3번길 81  단지내상가동 1층 104호 (개신동  한진아파트),
118,일반음식점,정든식당, 청주시 서원구 내수동로 160  1층 (사창동),
119,일반음식점,3 POP e스포츠 PC카페, 청주시 서원구 내수동로102번길 52-1  지하1층 B101호 (사창동  대승중문타운),
120,일반음식점,호록(Ho-Rok), 청주시 서원구 1순환로672번길 46  2층 (사창동),
121,일반음식점,청춘어람 충북대점, 청주시 서원구 1순환로704번길 63  2층 (사창동),
122,일반음식점,씨멘트충북대점, 청주시 서원구 1순환로674번길 62  1층 (사창동),
123,일반음식점,김밥천국, 청주시 서원구 창직로 13-2 (사창동),
124,일반음식점,가배시광, 청주시 서원구 성봉로 186  2층 (개신동),
125,일반음식점,지지고충북대점, 청주시 서원구 1순환로672번길 36  1층 (사창동  405-1),
126,일반음식점,밥짓는마을, 청주시 서원구 장구봉로 142 (개신동 (1층)),
127,일반음식점,먹자골, 청주시 서원구 장구봉로 136 (개신동  (1층)),
128,일반음식점,무거바~뒷고기!, 청주시 서원구 신율로53번길 12 (개신동 (1층)),
129,일반음식점,지구촌닭갈비, 청주시 서원구 사직대로176번길 59  1층 (사창동),
130,일반음식점,풍년한우불고기, 청주시 서원구 사직대로175번길 37  1층 (사창동),
131,일반음식점,시장순대, 청주시 서원구 창신로31번길 4 (사창동 (1층)),
132,일반음식점,왕천파닭, 청주시 서원구 내수동로 107 (사창동 (1층)),
133,일반음식점,맥주창고, 청주시 서원구 1순환로704번길 75 (사창동 (지하1층)),
134,일반음식점,해피토스트 앤 김밥, 청주시 서원구 창신로 27-1 (사창동 (1층)),
135,일반음식점,장수아구찜, 청주시 서원구 사직대로176번길 33 (사창동 (1층)),
136,일반음식점,삼미파전, 청주시 서원구 내수동로102번길 46  1층 (사창동),
137,일반음식점,안, 청주시 서원구 내수동로108번길 27 (사창동 (4층)),
138,일반음식점,햇살촌, 청주시 서원구 내수동로 168 (사창동 (1층)),
139,일반음식점,실로암또또치킨, 청주시 서원구 천수로8번길 1 (사창동),
140,일반음식점,또또와식당 , 청주시 서원구 1순환로672번길 51 (사창동),
141,일반음식점,홍원, 청주시 서원구 내수동로 93 (사창동 (2층)),
142,일반음식점,우렁찬불고기, 청주시 서원구 창신로25번길 13  1층 (사창동),
143,일반음식점,김밥천하, 청주시 서원구 창신로 10 (사창동  (1층)),
144,일반음식점,또봉이통닭, 청주시 서원구 복대로17번길 11  1층 101호 (개신동),
145,일반음식점,주민상회, 청주시 서원구 신율로 49 (개신동 103호(1층)),
146,일반음식점,방가삼대 얼큰한뼈해장국, 청주시 서원구 사직대로164번길 26  1층 (사창동),
147,일반음식점,스시뷔페 스시베이 청주점, 청주시 서원구 복대로 5  7층 (개신동),
148,일반음식점,개신점 닭깡, 청주시 서원구 경신로 36  1층 (개신동),
149,일반음식점,명륜진사갈비청주개신점, 청주시 서원구 복대로 11  1층 101호 (개신동),
150,일반음식점,신전떡볶이, 청주시 서원구 복대로 19  1층 102호 (개신동  매직타워),
151,일반음식점,에꿍이치킨-충대개신점, 청주시 서원구 모충로3번길 68  1층 (개신동  외 1필지),
152,일반음식점,교촌치킨가경2호점, 청주시 서원구 복대로 19  1층 110호 (개신동),
153,일반음식점,전주콩나물국밥, 청주시 서원구 복대로 19 (개신동 번지 105호),
154,일반음식점,훌랄라 치킨, 청주시 서원구 신율로 49 (개신동 번지 101호),
155,일반음식점,서울뚝배기, 청주시 서원구 예체로 119 (사창동 (지하1층)),
156,일반음식점,개신마당, 청주시 서원구 경신로 31-4  1층 (개신동),
157,일반음식점,한성토종한우, 청주시 서원구 성봉로169번길 41-2 (개신동 (1층)),
158,일반음식점,돈(豚)마루, 청주시 서원구 신율로 63  1층 (개신동),
159,일반음식점,아르떼스커피, 청주시 서원구 복대로 15  1층 (개신동),
160,일반음식점,본죽개신점, 청주시 서원구 복대로 27  캐슬타워 1층 106호 (개신동),
161,일반음식점,박태규의 철통닭갈비 개신점, 청주시 서원구 신율로 49 (개신동 106호),
162,일반음식점,맛깔참죽 청주개신성화지구점, 청주시 서원구 경신로 32-15 (개신동 (1층)),
163,일반음식점,초사골불타는쭈꾸미, 청주시 서원구 경신로 31-30 (개신동 115  116호(1층)),
164,일반음식점,쿡메시야, 청주시 서원구 1순환로674번길 48 (사창동 (1층)),
165,일반음식점,BHC(비에이치씨) 가경개신점, 청주시 서원구 경신로 31-30 (개신동 (1층) 122호),
166,일반음식점,참숯불구이도야지, 청주시 서원구 신율로53번길 8 (개신동),
167,일반음식점,호식이두마리치킨 청주1호점, 청주시 서원구 복대로 7 (개신동 외 1필지  103호),
168,일반음식점,현도향, 청주시 서원구 내수동로 91-1  지하1층 (사창동),
169,일반음식점,뚱이돈까스, 청주시 서원구 사직대로 112  1층 (사창동),
170,일반음식점,삼춘네 삼겹살, 청주시 서원구 내수동로108번길 27  3층 (사창동),
171,일반음식점,참두레밥상, 청주시 서원구 사직대로176번길 7 (사창동 외 1필지(1층)),
172,일반음식점,옥경이실내포차, 청주시 서원구 창신로32번길 9 (사창동),
173,일반음식점,삼부자집, 청주시 서원구 창신로22번길 14 (사창동 (1층)),
174,일반음식점,아웃닭, 청주시 서원구 1순환로674번길 18 (사창동 (1층)),
175,일반음식점,부어치킨(충북대점), 청주시 서원구 1순환로674번길 66 (사창동),
176,일반음식점,산촌한우직판장, 청주시 서원구 1순환로648번길 10 (사창동),
177,일반음식점,빨간우체통, 청주시 서원구 1순환로672번길 35 (사창동 (2층)),
178,일반음식점,한성칡냉면, 청주시 서원구 창직로 14  1층 (사창동),
179,일반음식점,주성각, 청주시 서원구 1순환로 689  1동 지하층 2 3호 (사창동  주성아파트),
180,일반음식점,용구비어, 청주시 서원구 1순환로704번길 78 (사창동 (1층)),
181,일반음식점,피자마루개신사직점, 청주시 서원구 모충로 27-2 (개신동 (1층)),
182,일반음식점,순이네분식, 청주시 서원구 사직대로 157  1층 (사창동),
183,일반음식점,구룡산한식, 청주시 서원구 1순환로 765 (개신동 (1층)),
184,일반음식점,보릿고개, 청주시 서원구 천수로 5 (사창동 (1층)),
185,일반음식점,울진생고기촌, 청주시 서원구 천수로8번길 5  1층 (사창동),
186,일반음식점,충만치킨 충북대점, 청주시 서원구 1순환로672번길 19 (사창동 2층),
187,일반음식점,대원불고기, 청주시 서원구 천수로 14-2  마동 6호 (사창동 동신),
188,일반음식점,트윙클, 청주시 서원구 내수동로 157 (사창동 (2층)),
189,일반음식점,진미회포장마차, 청주시 서원구 창신로32번길 25-1  1층 (사창동),
190,일반음식점,지구촌감자탕추어탕, 청주시 서원구 신율로 70 (개신동 (1층)),
191,일반음식점,청정돼지 국내산삼겹살 봉명사창점, 청주시 서원구 창직로 6 (사창동),
192,일반음식점,더큰밥버거, 청주시 서원구 내수동로102번길 54  1층 (사창동),
193,일반음식점,조은날 숯불고기, 청주시 서원구 창신로26번길 19  1층 (사창동),
194,일반음식점,생클레어, 청주시 서원구 내수동로108번길 7  2층 (사창동),
195,일반음식점,조선주먹구이, 청주시 서원구 모충로25번길 9  1층 (개신동),
196,일반음식점,일품향, 청주시 서원구 예체로117번길 3 (사창동 (1층)),
197,일반음식점,대연대패삼겹살, 청주시 서원구 모충로 11  1층 (개신동),
198,일반음식점,담쟁이, 청주시 서원구 사직대로144번길 36  B동 지하1층 (사창동),
199,일반음식점,페리카나양념통닭, 청주시 서원구 1순환로 698 (사창동 (1층)),
200,일반음식점,싸가지떡볶이, 청주시 서원구 1순환로672번길 5 (사창동 외 1필지 (1층)),
201,일반음식점,캐슬비어, 청주시 서원구 예체로29번길 17 (개신동  (삼익아파트 B동 108  109호)),
202,일반음식점,행복한세상, 청주시 서원구 예체로117번길 5  1층 (사창동),
203,일반음식점,본스치킨, 청주시 서원구 예체로67번길 46  1층 (사창동),
204,일반음식점,복화원, 청주시 서원구 사직대로144번길 33  1층 (사창동),
205,일반음식점,요리조리쿡쿡, 청주시 서원구 내수동로108번길 43 (사창동 (1층)),
206,일반음식점,토종한식, 청주시 서원구 사직대로144번길 10 (사창동 (1층)),
207,일반음식점,화양양꼬치, 청주시 서원구 1순환로672번길 45  3층 (사창동),
208,일반음식점,토리덴, 청주시 서원구 1순환로672번길 30 (사창동 (1층)),
209,일반음식점,소문난 손두부와 굴의만남, 청주시 서원구 내수동로 166  1층 (사창동),
210,일반음식점,청룡족발, 청주시 서원구 창신로32번길 1 (사창동),
211,일반음식점,만두가(家), 청주시 서원구 예체로67번길 37 (사창동 (1층)),
212,일반음식점,장터부속구이, 청주시 서원구 사직대로104번길 22-1 (사창동 (1층)),
213,일반음식점,고모네추어탕, 청주시 서원구 내수동로 132 (사창동 (1층)),
214,일반음식점,청송얼음막걸리, 청주시 서원구 내수동로114번길 26 (사창동),
215,일반음식점,금수정, 청주시 서원구 내수동로 91 (사창동),
216,일반음식점,장날순대, 청주시 서원구 창신로 30  1층 (사창동),
217,일반음식점,김밥천국, 청주시 서원구 1순환로 680 (사창동 (1층)),
218,일반음식점,이올렛(EOLET), 청주시 서원구 내수동로 117 (사창동),
219,일반음식점,소주신랑보쌈부인, 청주시 서원구 1순환로674번길 26  3층 (사창동),
220,일반음식점,일번지포차, 청주시 서원구 1순환로672번길 33  2층 3층 (사창동),
221,일반음식점,뽀뚜루까아저씨, 청주시 서원구 사직대로 110 (사창동),
222,일반음식점,카스타운, 청주시 서원구 천수로 5 (사창동),
223,일반음식점,경주식당, 청주시 서원구 1순환로653번길 19 (사창동),
224,일반음식점,유가네찌개전문점, 청주시 서원구 예체로 115 (사창동 (1층)),
225,일반음식점,후루룩쩝쩝, 청주시 서원구 모충로35번길 6  1층 (개신동),
226,일반음식점,비바체, 청주시 서원구 1순환로 727 (개신동 (1층)),
227,일반음식점,가마꿉, 청주시 서원구 모충로 18  드림빌딩 1층 (개신동),
228,일반음식점,맛존 매콤 닭불고기, 청주시 서원구 1순환로672번길 51 (사창동  (1층)),
229,일반음식점,동인돼지갈비, 청주시 서원구 예체로 1  1층 (개신동),
230,일반음식점,동태찌게유명한집, 청주시 서원구 예체로 141 (사창동 (1층)),
231,일반음식점,빡시기호프&치킨, 청주시 서원구 내수동로 170 (사창동 (1층)),
232,일반음식점,효자웰빙돈까스, 청주시 서원구 사직대로144번길 42  상가동 1층 104호 (사창동  대원칸타빌),
233,일반음식점,자연을담은 돈까스(충북대점), 청주시 서원구 내수동로108번길 51  2층 (사창동),
234,일반음식점,덕평리, 청주시 서원구 내수동로108번길 21  1층 (사창동),
235,일반음식점,도담이네 닭계장, 청주시 서원구 창신로 23 (사창동 (1층)),
236,일반음식점,몬스터피자앤펍, 청주시 서원구 내수동로 95 (사창동 (2층)),
237,일반음식점,Kush(쿠쉬), 청주시 서원구 내수동로108번길 16 (사창동),
238,일반음식점,왕큰손파닭(중문점), 청주시 서원구 내수동로 93  1층 (사창동),
239,일반음식점,중원양꼬치, 청주시 서원구 내수동로114번길 39  1층 101호 (사창동  유정빌리지),
240,일반음식점,빅 돈부리 충북대점, 청주시 서원구 1순환로674번길 62 (사창동 (1층)),
241,일반음식점,이닭포차, 청주시 서원구 내수동로108번길 23 (사창동 (3층)),
242,일반음식점,시장통닭, 청주시 서원구 창신로32번길 1  A동 1층 (사창동),
243,일반음식점,대명관, 청주시 서원구 내수동로 136 (사창동),
244,일반음식점,제천 보리밥, 청주시 서원구 창신로26번길 57-8 (사창동 (1층)),
245,일반음식점,오두막, 청주시 서원구 예체로1번길 25 (개신동  우정@상가 102호),
246,일반음식점,송학갈비촌 , 청주시 서원구 1순환로674번길 38 (사창동),
247,일반음식점,사일공, 청주시 서원구 내수동로108번길 18  2 3층 (사창동),
248,일반음식점,스시아마이, 청주시 서원구 사직대로112번길 6  1층 (사창동),
249,일반음식점,국수나무, 청주시 서원구 사직대로 115  1층 (사창동  103호),
250,일반음식점,한솥, 청주시 서원구 1순환로674번길 62  1층 (사창동),
251,일반음식점,꿀꿀이순대분식, 청주시 서원구 사직대로164번길 30 (사창동),
252,일반음식점,빛내리, 청주시 서원구 내수동로 145  A동 1층 (사창동),
253,일반음식점,지노, 청주시 서원구 내수동로108번길 15 (사창동 (2층)),
254,일반음식점,청주빈대떡개신점, 청주시 서원구 장구봉로 128 (개신동 (1층)),
255,일반음식점,루 & 각, 청주시 서원구 1순환로672번길 54  지하1층 (사창동),
256,일반음식점,그집에가면, 청주시 서원구 장구봉로 132  1층 (개신동),
257,일반음식점,피그테일, 청주시 서원구 내수동로 175  1층 (사창동),
258,일반음식점,석호네 닭발, 청주시 서원구 예체로67번길 79  1층 101호 (사창동),
259,일반음식점,고향순대, 청주시 서원구 내수동로 191 (사창동),
260,일반음식점,동경식탁, 청주시 서원구 1순환로672번길 34  1층  2층 (사창동),
261,일반음식점,평화정육점식당, 청주시 서원구 사직대로185번길 10 (사창동),
262,일반음식점,중문탕수육, 청주시 서원구 1순환로674번길 72 (사창동 (지하1층)),
263,일반음식점,본죽모충점, 청주시 서원구 1순환로 771  1층 (개신동),
264,일반음식점,육회관, 청주시 서원구 내수동로108번길 16  1층 (사창동),
265,일반음식점,민속주막태, 청주시 서원구 내수동로108번길 27 (사창동 지하1층),
266,일반음식점,폼프리츠(Pomme frites), 청주시 서원구 1순환로674번길 56 (사창동 (1층)),
267,일반음식점,청춘반점, 청주시 서원구 1순환로674번길 38 (사창동),
268,일반음식점,Burrito in(부리또 인)충북대점, 청주시 서원구 1순환로674번길 38 (사창동),
269,일반음식점,장바우, 청주시 서원구 내수동로114번길 57 (사창동 (1층)),
270,일반음식점,홍콩반점0410 충북대중문점, 청주시 서원구 내수동로114번길 8  1층 (사창동),
271,일반음식점,룸메이트, 청주시 서원구 1순환로674번길 24  2층 (사창동),
272,일반음식점,한끼, 청주시 서원구 1순환로680번길 23 (사창동 (1층)),
273,일반음식점,꾼, 청주시 서원구 내수동로108번길 33  1층 지하1층 (사창동),
274,일반음식점,배낭골식당, 청주시 서원구 사직대로176번길 16 (사창동 (1층)),
275,일반음식점,허드슨레스토랑, 청주시 서원구 사직대로 120 (사창동 (지하1층)),
276,일반음식점,79대포 청주 충북대점, 청주시 서원구 1순환로672번길 41 (사창동),
277,일반음식점,한조각, 청주시 서원구 내수동로108번길 43  1층 (사창동),
278,일반음식점,진천집아리랑, 청주시 서원구 1순환로672번길 30  지하1층 (사창동),
279,일반음식점,청주시계탑 계란말이김밥, 청주시 서원구 사직대로 187  1층 (사창동),
280,일반음식점,김밥마을, 청주시 서원구 사직대로 151-1 (사창동),
281,일반음식점,우쿠한뼘불고기, 청주시 서원구 1순환로694번길 12  1층 (사창동),
282,일반음식점,모아만두, 청주시 서원구 창신로32번길 1 (사창동 (1층)),
283,일반음식점,칭기스칸, 청주시 서원구 내수동로108번길 19 (사창동 (4층)),
284,일반음식점,사막의하얀꽃, 청주시 서원구 내수동로108번길 19 (사창동 (2층)),
285,일반음식점,한마음정육식당, 청주시 서원구 1순환로674번길 24  1층 (사창동),
286,일반음식점,가야도시락, 청주시 서원구 내수동로 191-1  C동 1층 (사창동  2013.03.21지번변경(토지합병)및C동 명칭부여),
287,일반음식점,자매보리밥, 청주시 서원구 신율로 68 (개신동 (1층)),
288,일반음식점,투다리, 청주시 서원구 창직로 19-1 (사창동),
289,일반음식점,토배기, 청주시 서원구 창신로21번길 1 (사창동 (1층)),
290,일반음식점,대박촌식당, 청주시 서원구 내수동로 184  A동 2층 (사창동  토지합병으로 지번변경(2013.08.29)),
291,일반음식점,누나홀닭(누구나홀딱반한닭)충북대점, 청주시 서원구 1순환로672번길 26  1 2층 (사창동),
292,일반음식점,옛날왕만두, 청주시 서원구 창신로31번길 8 (사창동 (1층)),
293,일반음식점,신가네칼국수, 청주시 서원구 1순환로648번길 38 (사창동 (1층)),
294,일반음식점,의정부부대찌개, 청주시 서원구 내수동로 166 (사창동 외 1필지 (1층)),
295,일반음식점,옥돌사시미, 청주시 서원구 장구봉로138번길 4 (개신동 (1층)),
296,일반음식점,전설의불닭, 청주시 서원구 1순환로694번길 11  1층 (사창동),
297,일반음식점,범벅골, 청주시 서원구 내수동로 97 (사창동 (지하1층)),
298,일반음식점,상하이, 청주시 서원구 천수로 14-7  1층 (사창동),
299,일반음식점,해장마을, 청주시 서원구 예체로139번길 29  1층 (사창동),
300,일반음식점,고봉민 김밥, 청주시 서원구 1순환로 672-1  1층 (사창동),
301,일반음식점,참돈앤밥, 청주시 서원구 1순환로672번길 50 (사창동),
302,일반음식점,짱만두, 청주시 서원구 창신로32번길 21  1층 (사창동),
303,일반음식점,산골가마솥, 청주시 서원구 내수동로 129  1층 (사창동),
304,일반음식점,신 추풍령감자탕, 청주시 서원구 사직대로81번길 26  1층 (사창동),
305,일반음식점,보통의 국수집, 청주시 서원구 성봉로242번길 43  1층 (개신동),
306,일반음식점,브라보퍼블릭골프개신점 그늘집, 청주시 서원구 성봉로 178  3층 (개신동),
307,일반음식점,총각네 손 고추만두, 청주시 서원구 내수동로 140  1층 (사창동),
308,일반음식점,뽀까치기, 청주시 서원구 신율로 49 (개신동 (114  115호)),
309,일반음식점,인도네팔레스토랑(First Nepal Restaurant), 청주시 서원구 내수동로114번길 7 (사창동 (2층)),
310,일반음식점,빨봉분식충북대점, 청주시 서원구 1순환로672번길 51  2층 (사창동),
311,일반음식점,모리스시, 청주시 서원구 1순환로 641-1 (사창동 (1층)),
312,일반음식점,마루(회덮밥전문점), 청주시 서원구 1순환로672번길 62 (사창동 (1층)),
313,일반음식점,도누가그릴2, 청주시 서원구 내수동로108번길 15 (사창동  (지하1층)),
314,일반음식점,토리덴2, 청주시 서원구 1순환로672번길 30 (사창동 (1층)),
315,일반음식점,돈스치킨, 청주시 서원구 성봉로169번길 41-4 (개신동 (1층)),
316,일반음식점,비비큐(BBQ)사직.사창점, 청주시 서원구 창직로29번길 30 (사창동 (1층)),
317,일반음식점,뉴욕야시장, 청주시 서원구 1순환로674번길 38 (사창동 (1층)),
318,일반음식점,병정문어볼, 청주시 서원구 1순환로674번길 72 (사창동),
319,일반음식점,굽네치킨사창 사직2점, 청주시 서원구 사직대로144번길 35-2  1층 (사창동),
320,일반음식점,좋은맛집, 청주시 서원구 예체로7번길 44  삼익아파트A동상가  108 109 110 111호 (개신동),
321,일반음식점,맛있는숯불구이, 청주시 서원구 예체로67번길 30 (사창동 (1층)),
322,일반음식점,비원, 청주시 서원구 내수동로 115 (사창동 (지하1층)),
323,일반음식점,컴힐(COMHILL), 청주시 서원구 내수동로102번길 52  지하1층~1층 (사창동),
324,일반음식점,베로분식에스프레소, 청주시 서원구 1순환로674번길 66 (사창동 (1층)),
325,일반음식점,엉클스, 청주시 서원구 성봉로169번길 47-1 (개신동  (1층)),
326,일반음식점,청천순대, 청주시 서원구 창직로 18 (사창동 외1필지(1층)),
327,일반음식점,두메나산골, 청주시 서원구 내수동로 151 (사창동),
328,일반음식점,막창선생, 청주시 서원구 예체로19번길 7 (개신동 (1층)),
329,일반음식점,원호연의뚝썩삼겹살, 청주시 서원구 1순환로704번길 42 (사창동 (1층)),
330,일반음식점,종가대박집, 청주시 서원구 1순환로674번길 16 (사창동 (2층)),
331,일반음식점,본죽 청주사창점, 청주시 서원구 사직대로 125-1  1층 (사창동),
332,일반음식점,개신상회, 청주시 서원구 복대로17번길 7-31 (개신동 (2층)),
333,일반음식점,포차플레잉, 청주시 서원구 1순환로 678  1층 (사창동),
334,일반음식점,스트릿츄러스 충북대점, 청주시 서원구 1순환로674번길 3  1층 (사창동),
335,일반음식점,약선족발, 청주시 서원구 사직대로164번길 59 (사창동 (1층)),
336,일반음식점,설빙충북대점, 청주시 서원구 1순환로674번길 3 (사창동 (2 3층)),
337,일반음식점,부산할매수육국밥.냉면, 청주시 서원구 1순환로 669  1층 (사창동),
338,일반음식점,골목식당, 청주시 서원구 서부로1465번길 28-3  1층 (개신동),
339,일반음식점,삼구 포차, 청주시 서원구 1순환로672번길 30 (사창동 (3 4층)),
340,일반음식점,이모네김밥, 청주시 서원구 모충로 18  1층 (개신동),
341,일반음식점,코리아닭발, 청주시 서원구 1순환로680번길 5 (사창동 (1층)),
342,일반음식점,아쿠아횟집, 청주시 서원구 예체로 11  1층 (개신동),
343,일반음식점,매전, 청주시 서원구 1순환로672번길 48 (사창동  (지하1층)),
344,일반음식점,심봉사 도로케, 청주시 서원구 창신로 39  1층 (사창동),
345,일반음식점,sazio(충만한), 청주시 서원구 모충로25번길 22  1층 (개신동),
346,일반음식점,구르만, 청주시 서원구 사직대로99번길 7  평화빌라 1층 (사창동),
347,일반음식점,카페인, 청주시 서원구 내수동로114번길 18  2층 (사창동),
348,일반음식점,김밥나라개신점, 청주시 서원구 모충로 17  1층 (개신동),
349,일반음식점,열두시(12:00AM), 청주시 서원구 1순환로672번길 34  지하1층 (사창동),
350,일반음식점,우즈벡임, 청주시 서원구 1순환로672번길 52 (사창동 (2층)),
351,일반음식점,오주 개신점, 청주시 서원구 모충로 33-1 (개신동),
352,일반음식점,광릉불고기, 청주시 서원구 1순환로 763  1층 (개신동),
353,일반음식점,순희보리밥집, 청주시 서원구 창신로26번길 3  1층 (사창동),
354,일반음식점,북경탕수육, 청주시 서원구 내수동로 130  상가동 103호 (사창동 평화아파트),
355,일반음식점,압구정봉구비어개신점, 청주시 서원구 모충로 33-1 (개신동  외1필지(1층)),
356,일반음식점,콤마, 청주시 서원구 1순환로 664  2층 (사창동),
357,일반음식점,BHC(비에이치씨), 청주시 서원구 예체로 86 (사창동  (1층)),
358,일반음식점,착한순대, 청주시 서원구 예체로19번길 8  A동 1층 101 102호 (개신동),
359,일반음식점,포항막회, 청주시 서원구 모충로 48-1  가2동 1층 (개신동),
360,일반음식점,페리카나피친호프, 청주시 서원구 장구봉로 130 (개신동 (1층)),
361,일반음식점,현고들깨손칼국수, 청주시 서원구 성봉로220번길 16  가동 1층 (개신동),
362,일반음식점,브라보치킨피자청주성안길점, 청주시 서원구 예체로 96-1  1층 (사창동),
363,일반음식점,신반장의 한양 참숯 뒷고기, 청주시 서원구 1순환로648번길 5-3  1층 (사창동),
364,일반음식점,이조가, 청주시 서원구 복대로 15  1층 (개신동),
365,일반음식점,김밥천국, 청주시 서원구 복대로 27  1층 103호 (개신동),
366,일반음식점,피자헛 청주가경점, 청주시 서원구 복대로 13  1층 101 일부호 (개신동),
367,일반음식점,반하다, 청주시 서원구 복대로 27  1층 101 102호 (개신동),
368,일반음식점,투다리개신점, 청주시 서원구 신율로 59-1  1층 (개신동),
369,일반음식점,피자마루(가경.개신1호점), 청주시 서원구 경신로 31-30  104호 (개신동),
370,일반음식점,일순이네 매운양념 왕족발 보쌈, 청주시 서원구 복대로17번길 27  1층 102호 (개신동  어웰빌리지),
371,일반음식점,친구네, 청주시 서원구 경신로 33  1층 (개신동),
372,일반음식점,대게나라, 청주시 서원구 성봉로 155  1층 (개신동),
373,일반음식점,명품낙지, 청주시 서원구 성봉로169번길 47-20  1층 (개신동),
374,일반음식점,모녀가굽는고기, 청주시 서원구 신율로 2  1층 (개신동),
375,일반음식점,성화루, 청주시 서원구 성봉로169번길 47-26  1층 (개신동),
376,일반음식점,맘죽, 청주시 서원구 경신로 31-4  1층 (개신동),
377,일반음식점,감탄개신점, 청주시 서원구 경신로 40  1층 (개신동),
378,일반음식점,고향칼국수, 청주시 서원구 신율로53번길 10  1층 (개신동),
379,일반음식점,에제르 푸드시스템, 청주시 서원구 복대로17번길 11  1층 105호 (개신동),
380,일반음식점,옹기촌, 청주시 서원구 복대로17번길 8  1~2층 (개신동),
381,일반음식점,디 초콜릿 커피  전문점, 청주시 서원구 모충로 48  1층 (개신동),
382,일반음식점,백천횟집, 청주시 서원구 신율로53번길 10  1층 (개신동),
383,일반음식점,증평은성집, 청주시 서원구 신율로53번길 12 (개신동  (1층)),
384,일반음식점,우리아빠닭강정, 청주시 서원구 복대로 31  갤러리타워 110호 (개신동),
385,일반음식점,안면도바지락칼국수, 청주시 서원구 성봉로169번길 47-5  1층 (개신동),
386,일반음식점,만두랑 칼국수, 청주시 서원구 복대로 7  1층 107호 (개신동),
387,일반음식점,뚝배기식당, 청주시 서원구 복대로 19  1층 101호 (개신동  매직타워),
388,일반음식점,더존김밥, 청주시 서원구 경신로 65  청주개신주공(1)단지 상가A동 1층 103호 (개신동),
389,일반음식점,엠알(MR)호프, 청주시 서원구 복대로17번길 27  1층 101호 (개신동  어웰빌리지),
390,일반음식점,무한美(미)소, 청주시 서원구 신율로53번길 4 (개신동 (1층)),
391,일반음식점,명품유황오리, 청주시 서원구 성봉로 167  1층 (개신동),
392,일반음식점,강유진 화닭 개신점, 청주시 서원구 신율로 59-1  1층 (개신동),
393,일반음식점,홍어전문점 홍어사랑, 청주시 서원구 성봉로169번길 33-15  1층 (개신동),
394,일반음식점,국민포차, 청주시 서원구 모충로 17  1층 (개신동),
395,일반음식점,서리서리 멸치국수 개신성화점, 청주시 서원구 복대로 7  대상마스터빌딩 1층 110호 (개신동),
396,일반음식점,다누끼, 청주시 서원구 복대로 19  1층 107호 (개신동  매직타워),
397,일반음식점,반도수산, 청주시 서원구 성봉로 167  1층 (개신동),
398,일반음식점,소문난춘천닭갈비, 청주시 서원구 경신로 32-3  1층 (개신동),
399,일반음식점,노군꼬치개신점, 청주시 서원구 신율로 49  1층 104호 (개신동  레몬타워),
400,일반음식점,단골손님, 청주시 서원구 1순환로672번길 42  1층 (사창동),
401,일반음식점,대박뒷고기, 청주시 서원구 예체로67번길 24  1층 (사창동),
402,일반음식점,고래해물포차, 청주시 서원구 내수동로 167  1층 (사창동),
403,일반음식점,한남동 그집(충북대점), 청주시 서원구 1순환로672번길 45  2층 (사창동),
404,일반음식점,일미리 금계찜닭, 청주시 서원구 1순환로622번길 3  1층 (사창동),
405,일반음식점,그날의 분위기, 청주시 서원구 1순환로672번길 51  3층 (사창동),
406,일반음식점,치킨더홈(사창점), 청주시 서원구 창직로 13-2  1층 (사창동),
407,일반음식점,간바레  간바로우!, 청주시 서원구 1순환로709번길 6  1층 (사창동),
408,일반음식점,봉대박스파게티 충북대점, 청주시 서원구 내수동로102번길 36  2층 (사창동),
409,일반음식점,크라운호프 충북대점, 청주시 서원구 내수동로108번길 11  1층 (사창동),
410,일반음식점,눈물떡볶이, 청주시 서원구 천수로17번길 3  1층 (사창동),
411,일반음식점,해송족발, 청주시 서원구 모충로 43  1층 (개신동),
412,일반음식점,킴스부리또, 청주시 서원구 내수동로 143  2층 (사창동),
413,일반음식점,삼거리 포장마차, 청주시 서원구 1순환로672번길 17  1층 (사창동),
414,일반음식점,효경식당, 청주시 서원구 장구봉로 136 (개신동 (1층)),
415,일반음식점,우리집칼국수, 청주시 서원구 봉명로 236 (사창동  (1층)),
416,일반음식점,한가네짬뽕, 청주시 서원구 1순환로672번길 53  2층 (사창동),
417,일반음식점,맵닭과 사거리포차, 청주시 서원구 1순환로704번길 73  1층 (사창동),
418,일반음식점,햇살머믄 꼬마김밥 사창점, 청주시 서원구 내수동로 165-1  1층 (사창동),
419,일반음식점,뽈엔막뒷고기, 청주시 서원구 창신로 43  1층 (사창동),
420,일반음식점,포차데이데이데이, 청주시 서원구 내수동로108번길 22  1층 (사창동),
421,일반음식점,포차데이데이데이2, 청주시 서원구 내수동로108번길 22  2층 (사창동),
422,일반음식점,화랑각, 청주시 서원구 봉명로132번길 31  1층 (사창동),
423,일반음식점,큰손칼국수.보쌈, 청주시 서원구 내수동로 145 (사창동 A동 (1층)),
424,일반음식점,배마루, 청주시 서원구 1순환로674번길 12 (사창동  (3층)),
425,일반음식점,놀부부대찌개철판구이중문점, 청주시 서원구 내수동로114번길 9  1층 (사창동),
426,일반음식점,무노, 청주시 서원구 1순환로 682 (사창동 (3층)),
427,일반음식점,용우동 청주사창점, 청주시 서원구 사직대로 120  1층 (사창동),
428,일반음식점,로얄생고기, 청주시 서원구 봉명로 238-1  1층 (사창동),
429,일반음식점,통비어, 청주시 서원구 신율로 49  레몬타워 1층 112호 (개신동),
430,일반음식점,서당골, 청주시 서원구 1순환로674번길 12 (사창동  (2층)),
431,일반음식점,올갱이해장국, 청주시 서원구 모충로25번길 8  1층 (개신동),
432,일반음식점,수산시장, 청주시 서원구 장구봉로 148 (개신동 (1층)),
433,일반음식점,아름 정육식당, 청주시 서원구 예체로7번길 1  1층 (개신동),
434,일반음식점,고기구이마을, 청주시 서원구 신율로 49  1층 109호 110호 111호 (개신동  개신동레몬타워),
435,일반음식점,엣찌분식, 청주시 서원구 천석로 10-1  1층 (사창동),
436,일반음식점,우리집밥상, 청주시 서원구 내수동로 125 (사창동  (1층)),
437,일반음식점,섬진강, 청주시 서원구 사직대로175번길 46 (사창동 (1층)),
438,일반음식점,임창정의 소주한잔 충북대점, 청주시 서원구 1순환로672번길 23  1층 (사창동),
439,일반음식점,바른치킨 충북대점, 청주시 서원구 사직대로90번길 22 (사창동),
440,일반음식점,뒷풀이, 청주시 서원구 내수동로 130 (사창동  평화아파트상가 (1층9호)),
441,일반음식점,서울닭발, 청주시 서원구 모충로25번길 20  1층 (개신동),
442,일반음식점,반가네, 청주시 서원구 1순환로674번길 12  1층 (사창동),
443,일반음식점,육쌈냉면 충북대점, 청주시 서원구 1순환로672번길 64 (사창동  (2층)),
444,일반음식점,여기또오리, 청주시 서원구 성봉로 215  1층 (개신동),
445,일반음식점,명사순대 청주개신점, 청주시 서원구 성봉로220번길 171  1층 (개신동),
446,일반음식점,여섯주울, 청주시 서원구 내수동로 93 (사창동 (지하1층)),
447,일반음식점,면세상, 청주시 서원구 창직로12번길 38  1층 (사창동),
448,일반음식점,맥주바켓충북대점, 청주시 서원구 1순환로672번길 35  지하1층 (사창동),
449,일반음식점,마쯔리, 청주시 서원구 내수동로108번길 27  1층 (사창동),
450,일반음식점,부먹찍먹걍먹, 청주시 서원구 1순환로704번길 42-1  1층 (사창동),
451,일반음식점,올리브, 청주시 서원구 사직대로 140  2층 202호 203호 206호(일부) 208호(일부)호 (사창동),
452,일반음식점,지리산흑돼지, 청주시 서원구 내수동로 174 (사창동  A동 1층),
453,일반음식점,춤추는향기나무, 청주시 서원구 1순환로719번길 6-2  1층 (사창동),
454,일반음식점,닥스버블, 청주시 서원구 사직대로144번길 36 (사창동 (1층)),
455,일반음식점,황궁쟁반짜장, 청주시 서원구 1순환로704번길 36  1층 (사창동),
456,일반음식점,대령숙수추어탕, 청주시 서원구 모충로 42  1층 (개신동),
457,일반음식점,한복임한상차림, 청주시 서원구 모충로104번길 68-1  1층 (모충동),
458,일반음식점,본도시락 충북대점, 청주시 서원구 1순환로 700  1층 (사창동),
459,일반음식점,쏠로아떼, 청주시 서원구 대원로 58 (사직동),
460,일반음식점,대박생고기, 청주시 서원구 호국로13번길 3  1층 (모충동),
461,일반음식점,최대포갈매기살, 청주시 서원구 예체로19번길 4  1층 (개신동),
462,일반음식점,페리호 치킨, 청주시 서원구 쌍샘로 9-1 (모충동),
463,일반음식점,제이 앤 제이, 청주시 서원구 모충로35번길 3  2층 201호 (개신동),
464,일반음식점,안양등심해장국 , 청주시 서원구 사직대로 308-8  1층 (사직동),
465,일반음식점,청담동 말자싸롱, 청주시 서원구 모충로 13  1층 (개신동),
466,일반음식점,672 F&B, 청주시 서원구 1순환로672번길 53  1층 (사창동),
467,일반음식점,해물천지, 청주시 서원구 남들로 39-1  1층 (모충동),
468,일반음식점,속초코다리냉면, 청주시 서원구 현도면 청남로 481  현도타운3   1층,
469,일반음식점,등촌샤브칼국수, 청주시 서원구 사직대로134번길 3  1층 (사창동),
470,일반음식점,이삭토스트(서원대정문점), 청주시 서원구 무심서로 379  1층 (모충동),
471,일반음식점,신 황룡, 청주시 서원구 모충로26번길 5  2층 (개신동),
472,일반음식점,종가집손두부, 청주시 서원구 사직대로 308  1층 (사직동),
473,일반음식점,명인만두(사창사거리점), 청주시 서원구 1순환로 661 (사창동  1층),
474,일반음식점,청풍석갈비, 청주시 서원구 1순환로 1080-3  1층 (분평동),
475,일반음식점,바다양푼이동태탕찜, 청주시 서원구 남이면 척산2길 5  1층,
476,일반음식점,최부짱, 청주시 서원구 1순환로648번길 22  1층 (사창동),
477,일반음식점,여명일품식당, 청주시 서원구 사직대로164번길 27  1층 (사창동),
478,일반음식점,부송국수, 청주시 서원구 남이면 청남로 1334,
479,일반음식점,우일순대, 청주시 서원구 창신로31번길 11 (사창동 외 1필지(1층)),
480,일반음식점,착한(생)고기&쭈꾸미, 청주시 서원구 창직로12번길 88  1층 (개신동),
481,일반음식점,피치버스, 청주시 서원구 1순환로648번길 5  1층 (사창동),
482,일반음식점,부어치킨개신동점, 청주시 서원구 모충로 38  상가동 101호 (개신동  두진백로아파트),
483,일반음식점,도니스토리, 청주시 서원구 내수동로108번길 19  1층 (사창동),
484,일반음식점,육회지존, 청주시 서원구 1순환로704번길 78 (사창동 (1층)),
485,일반음식점,산골우렁쌈밥, 청주시 서원구 현도면 청남로 355,
486,일반음식점,백스비어 충북대중문점, 청주시 서원구 1순환로672번길 41  2층 (사창동),
487,일반음식점,맘스터치충대점, 청주시 서원구 1순환로 682  1층  SHOP #103호 (사창동  씨네타운),
488,일반음식점,푸짐한 시골쌈생고기, 청주시 서원구 용호로5번길 56  1층 (죽림동),
489,일반음식점,빙그레보쌈족발, 청주시 서원구 사북로 89  1층 (사직동),
490,일반음식점,울대마을, 청주시 서원구 성봉로220번길 51 (개신동  2),
491,일반음식점,까치식당, 청주시 서원구 호국로 93 (사직동 A동 (1층)),
492,일반음식점,달빛생고기전문, 청주시 서원구 충렬로 74  1층 2호 6호 (사직동),
493,일반음식점,도누가그릴, 청주시 서원구 내수동로108번길 15  1층 (사창동),
494,일반음식점,만수옥기사식당, 청주시 서원구 호국로 22  1층 (사직동),
495,일반음식점,맛나감자탕, 청주시 서원구 남들로35번길 31  1층 (모충동),
496,일반음식점,맘스터치 충대중문점, 청주시 서원구 내수동로102번길 36  1층 (사창동),
497,일반음식점,제주바다, 청주시 서원구 모충로 19  1층 (개신동),
498,일반음식점,제부도해물손칼국수, 청주시 서원구 사운로 170  1층 (사직동  토지합병(2005.11.23)으로 지번변경(2013.04.10)),
499,일반음식점,감녹관, 청주시 서원구 1순환로1063번길 111-2  1동 1층 (분평동),
500,일반음식점,미팅룸, 청주시 서원구 1순환로672번길 25  1층 (사창동  덕현빌딩),
501,일반음식점,아이벗치킨, 청주시 서원구 예체로 96  1층 (사창동),
502,일반음식점,1905자이언트몬스터피자인펍, 청주시 서원구 1순환로704번길 63  지하1층 (사창동),
503,일반음식점,조코만, 청주시 서원구 호국로38번길 3  1층 (사직동),
504,일반음식점,미소육개장, 청주시 서원구 구룡산로51번가길 24  1층 (성화동),
505,일반음식점,투다리개신점, 청주시 서원구 모충로 39  1층 (개신동),
506,일반음식점,끼니, 청주시 서원구 내수동로 164  1층 (사창동),
507,일반음식점,일미닭갈비 파전, 청주시 서원구 내수동로108번길 28  1층 (사창동),
508,일반음식점,소랑돼지랑, 청주시 서원구 호국로97번길 4  1층 (사직동),
509,일반음식점,삼이3.2해장국, 청주시 서원구 내수동로 109  1층 (사창동),
510,일반음식점,라라부엌, 청주시 서원구 창직로 47  1  2층 (사창동),
511,일반음식점,대풍생고기, 청주시 서원구 사직대로 190  1층 (사창동),
512,일반음식점,가마솥토종순대, ,
513,일반음식점,쾌걸동태탕, 청주시 서원구 대원로 53-2  1층 (사직동),
514,일반음식점,옛날주막집, 청주시 서원구 내수동로 174  1층 (사창동),
515,일반음식점,마을카페 이따, 청주시 서원구 사운로85번길 8  1층 (사직동),
516,일반음식점,짱이네, 청주시 서원구 사직대로 98 (사창동  (1층)),
517,일반음식점,강남왕순대, 청주시 서원구 1순환로1063번길 61-12  1층 (분평동),
518,일반음식점,한솔불고기, 청주시 서원구 쌍샘로 64 (모충동 (1층)),
519,일반음식점,통큰, 청주시 서원구 천수로8번길 1  1층 (사창동),
520,일반음식점,시골빈대떡, 청주시 서원구 장전로20번길 32  1층 (성화동),
521,일반음식점,코다차야 청주점, 청주시 서원구 1순환로672번길 31  2층 (사창동),
522,일반음식점,COSMOS(코스모스)우주, 청주시 서원구 1순환로 680  2층 (사창동),
523,일반음식점,명동생고기, 청주시 서원구 쌍샘로107번길 15  1층 (모충동),
524,일반음식점,백정, 청주시 서원구 1순환로672번길 62  2층 (사창동),
525,일반음식점,술꾼, 청주시 서원구 1순환로739번길 15  1층 (개신동),
526,일반음식점,성미아구찜, 청주시 서원구 사운로85번길 9  1층 (사직동),
527,일반음식점,그냥밥집, 청주시 서원구 1순환로709번길 5 (사창동  (1층)),
528,일반음식점,담아보기, 청주시 서원구 남이면 연청로 1247-8  1층,
529,일반음식점,피자꽁떼(모충점), 청주시 서원구 모충로96번길 24 (모충동  1층),
530,일반음식점,부산오뎅, 청주시 서원구 내수동로114번길 21 (사창동 (1층)),
531,일반음식점,칠돼지순대, 청주시 서원구 내수동로108번길 26  1층 (사창동),
532,일반음식점,동그랑땡, 청주시 서원구 호국로37번길 3  B동 1층 1호 (사직동  동원맨션),
533,일반음식점,쿠시야, 청주시 서원구 1순환로672번길 41  1층 (사창동),
534,일반음식점,참숯계림닭갈비, 청주시 서원구 모충로 31  1층 (개신동),
535,일반음식점,대박 커피엔 민물매운탕, 청주시 서원구 현도면 청남로 355  1층,
536,일반음식점,오자네왔는가개신점, 청주시 서원구 성봉로169번길 47-8  1층 (개신동),
537,일반음식점,한신포차(충북대중문점), 청주시 서원구 1순환로672번길 19  1층 (사창동),
538,일반음식점,부엌동자, 청주시 서원구 성봉로220번길 47-26  1층 (개신동),
539,일반음식점,대왕산막농장, 청주시 서원구 남이면 산막신촌길 59-14  1층,
540,일반음식점,태영숯불갈비, 청주시 서원구 내수동로 169  1층 (사창동),
541,일반음식점,전통전집 해란강, 청주시 서원구 호국로 94  1층 (사직동),
542,일반음식점,힘찬낙지, 청주시 서원구 예체로67번길 62  1층 (사창동),
543,일반음식점,에스텔 세계맥주, 청주시 서원구 창신로22번길 65-10  101동 1층 101호 (사창동  에스텔HOUSE),
544,일반음식점,쩔어떡볶이, 청주시 서원구 내수동로 103  1 2층 (사창동),
545,일반음식점,햇살생고기정육식당, 청주시 서원구 성봉로 174  1층 (개신동),
546,일반음식점,네네치킨개신점, 청주시 서원구 신율로 61  1층 (개신동),
547,일반음식점,토스트굽는사람들, 청주시 서원구 모충로 17 (개신동  1층),
548,일반음식점,이가네왕숯불갈비 , 청주시 서원구 예체로 15  1층 (개신동),
549,일반음식점,참치매니아, 청주시 서원구 모충로25번길 9  1층 (개신동),
550,일반음식점,우리식당, 청주시 서원구 내수동로 170  1층 (사창동),
551,일반음식점,본토막창, 청주시 서원구 모충로35번길 6 (개신동),
552,일반음식점,25시해장국, 청주시 서원구 모충로26번길 5  1층 (개신동),
553,일반음식점,아쭈, 청주시 서원구 예체로1번길 19  1층 (개신동),
554,일반음식점,적적, 청주시 서원구 내수동로 130  1층 상가 1호 (사창동  평화아파트),
555,일반음식점,꼬꼬맨치킨, 청주시 서원구 성봉로 226-15  1층 (개신동),
556,일반음식점,큰통치킨 사창점, 청주시 서원구 창직로 8  1층 103호 (사창동),
557,일반음식점,신용한우정육점사창점, 청주시 서원구 창신로 40  1층 (사창동),
558,일반음식점,웅이네 오돌뼈, 청주시 서원구 사직대로82번길 19  1층 (사창동),
559,일반음식점,까꿍떡볶이, 청주시 서원구 내수동로 101 (사창동  (1층)),
560,일반음식점,청주마당쇠떡갈비, 청주시 서원구 성봉로 211 (개신동  (1층)),
561,일반음식점,뿌리, 청주시 서원구 모충로 49 (개신동 (지하1층)),
562,일반음식점,쉐인, 청주시 서원구 봉명로228번길 3 (사창동 (1층)),
563,일반음식점,삼겹돼학교, 청주시 서원구 내수동로 125-1  1층 (사창동),
564,일반음식점,뱃놈, 청주시 서원구 서부로 1459  1층 (개신동),
565,일반음식점,부대통령뚝배기 충북대중문점, 청주시 서원구 내수동로102번길 46  2층 (사창동),
566,일반음식점,세뚜리동죽칼국수, 청주시 서원구 내수동로 161  1층 (사창동),
567,일반음식점,아르떼 충북대점, 청주시 서원구 내수동로102번길 54  1층 (사창동),
568,일반음식점,옥향, 청주시 서원구 창신로32번길 48  1층 (사창동),
569,일반음식점,돈뭉치줘유, 청주시 서원구 모충로 43  1층 (개신동),
570,일반음식점,와와떡볶이, 청주시 서원구 1순환로672번길 26 (사창동  (1층)),
571,일반음식점,이루다낙곱새전문점, 청주시 서원구 1순환로672번길 7  2층 (사창동),
572,일반음식점,첨, 청주시 서원구 1순환로672번길 34  3층 (사창동),
573,일반음식점,꾼떡, 청주시 서원구 창직로35번길 6 (사창동  (1층)),
574,일반음식점,청춘국물닭발, 청주시 서원구 1순환로694번길 13  1층 (사창동  고은빌),
575,일반음식점,반객, 청주시 서원구 성봉로 186  1층 (개신동),
576,일반음식점,사탄곱창, 청주시 서원구 창신로25번길 6 (사창동 (1층)),
577,일반음식점,해물 너. 찜했어, 청주시 서원구 장구봉로 140  1층 (개신동),
578,일반음식점,오징어바다, 청주시 서원구 내수동로114번길 18  1층 (사창동),
579,일반음식점,주거래처, 청주시 서원구 1순환로674번길 21  1층 (사창동),
580,일반음식점,충북대학교병원장례예식장, 청주시 서원구 1순환로 776  지하1층 1층 2층 (개신동),
581,일반음식점,공차 충북대점, 청주시 서원구 1순환로672번길 64  1층 (사창동),
582,일반음식점,라 쿵푸, 청주시 서원구 1순환로680번길 23 (사창동  (1층)),
583,일반음식점,역전할머니 맥주(충북대점), 청주시 서원구 1순환로704번길 75  1층 (사창동),
584,일반음식점,이가식당버섯전문점, 청주시 서원구 예체로1번길 11  1층 (개신동),
585,일반음식점,빈잔의 자유, 청주시 서원구 모충로 27-1  2층 (개신동),
586,일반음식점,평양28(이십팔), 청주시 서원구 모충로25번길 23  1층 (개신동),
587,일반음식점,평민닭발 충북대2호점, 청주시 서원구 내수동로114번길 36  1층 (사창동),
588,일반음식점,병천토종순대, 청주시 서원구 개신동 1번지 35호  ,
589,일반음식점,에덴, 청주시 서원구 창신로 43  1층 (사창동),
590,일반음식점,Routine759(루틴759), 청주시 서원구 1순환로 759  1층 (개신동),
591,일반음식점,동해반점, 청주시 서원구 창신로25번길 6 (사창동 (1층)),
592,일반음식점,숯겹살집개신점, 청주시 서원구 예체로7번길 45  1층 (개신동),
593,일반음식점,북경깐풍기, 청주시 서원구 내수동로108번길 40  1층 (사창동),
594,일반음식점,버거킹충북대점, 청주시 서원구 1순환로 665-1  A동 1  2층 (사창동),
595,일반음식점,동래관, 청주시 서원구 1순환로674번길 26  1층 (사창동),
596,일반음식점,작은마을 영양촌, 청주시 서원구 성봉로 190  1층 (개신동),
597,일반음식점,피아노룸블링, 청주시 서원구 1순환로672번길 26  3층 (사창동),
598,일반음식점,피아노룸블링Ⅱ, 청주시 서원구 1순환로672번길 26  4층 (사창동),
599,일반음식점,일방통행국물떡볶이&화덕피자, 청주시 서원구 내수동로 130  1층 5호 (사창동  평화아파트),
600,일반음식점,송림갈비, 청주시 서원구 장구봉로144번길 4  1층 (개신동),
601,일반음식점,바다향, 청주시 서원구 내수동로 136  1층 (사창동),
602,일반음식점,닭발에소주한잔, 청주시 서원구 내수동로 167 (사창동  (1층)),
603,일반음식점,봉추찜닭(충대중문점), 청주시 서원구 내수동로114번길 7  1층 (사창동),
604,일반음식점,옛날할머니보리밥집, 청주시 서원구 내수동로 165-1  1층 (사창동),
605,일반음식점,울산아구찜, 청주시 서원구 사직대로176번길 26-1  1층 (사창동),
606,일반음식점,지코바치킨, 청주시 서원구 성봉로 226-19  1층 (개신동),
607,일반음식점,너구리, 청주시 서원구 1순환로672번길 49  2층 (사창동),
608,일반음식점,자담치킨&호프 Cafe (개신점), 청주시 서원구 성봉로 230-21  1층 (개신동),
609,일반음식점,꼬부리, 청주시 서원구 1순환로674번길 58  1층 (사창동),
610,일반음식점,대학통닭, 청주시 서원구 내수동로 136 (사창동 266-3.270-3),
611,일반음식점,한마음정육식당Ⅱ, 청주시 서원구 1순환로674번길 24  1층 (사창동),
612,일반음식점,이찌방, 청주시 서원구 1순환로672번길 33  1층 (사창동),
613,일반음식점,개신동해장국, 청주시 서원구 모충로 16  2층 (개신동),
614,일반음식점,마시33, 청주시 서원구 1순환로648번길 5  1층 (사창동),
615,일반음식점,짚신 스시&롤, 청주시 서원구 1순환로674번길 14  1층 (사창동),
616,일반음식점,옛날칼국수, 청주시 서원구 성봉로 226-9  1층 (개신동),
617,일반음식점,안동본가국밥(사창점), 청주시 서원구 1순환로648번길 2  1 2층 (사창동),
618,일반음식점,형섭이네피자, 청주시 서원구 성봉로 234-1  1층 (개신동),
619,일반음식점,투다리개신3호점, 청주시 서원구 성봉로 213-1  1층 (개신동),
620,일반음식점,또바기 국수, 청주시 서원구 사직대로 160  두진 하트리움에덴 107호 (사창동),
621,일반음식점,은숙이네 밥집, 청주시 서원구 1순환로673번길 37  1층 (사창동),
622,일반음식점,옥연만두, 청주시 서원구 창신로32번길 11  1층 (사창동),
623,일반음식점,나능이버섯백숙, 청주시 서원구 성봉로220번길 94  1층 (개신동),
624,일반음식점,낭만언니, 청주시 서원구 1순환로674번길 14  2층 (사창동),
625,일반음식점,춘천본가닭갈비, 청주시 서원구 예체로1번길 34  A동 1층 (개신동),
626,일반음식점,벤츠타기, 청주시 서원구 내수동로108번길 28  2층 (사창동),
627,일반음식점,밥오야, 청주시 서원구 충대로14번길 57  1층 (사창동),
628,일반음식점,보글보글촌, 청주시 서원구 신율로 70-1  1층 (개신동),
629,일반음식점,파라다이스, 청주시 서원구 예체로67번길 79  2층 (사창동),
630,일반음식점,라온, 청주시 서원구 내수동로114번길 18 (사창동  (지하1층)),
631,일반음식점,마초불고기, 청주시 서원구 1순환로672번길 52  1층 (사창동),
632,일반음식점,대도영지한우, 청주시 서원구 천석로14번길 7  1층 (사창동),
633,일반음식점,민들레보리밥, 청주시 서원구 성봉로220번길 16  1층 (개신동),
634,일반음식점,본토막창, 청주시 서원구 사직대로 133  1층 (사창동),
635,일반음식점,먹벙감자탕병천순대, 청주시 서원구 장구봉로 146  1층 (개신동),
636,일반음식점,온천골가마솥, 청주시 서원구 1순환로 784  1동 1층 (개신동),
637,일반음식점,새마을 식당, 청주시 서원구 1순환로674번길 38 (사창동 (1층)),
638,일반음식점,두맛 찜닭, 청주시 서원구 성봉로 234-1  1층 (개신동),
639,일반음식점,초정한우개신점, 청주시 서원구 모충로44번길 5  1층 (개신동),
640,일반음식점,브라보식당, 청주시 서원구 예체로129번길 30-1  1층 (사창동),
641,일반음식점,조마루감자탕사창점, 청주시 서원구 내수동로 123-1  B동 1층 (사창동),
642,일반음식점,식끌버끌, 청주시 서원구 내수동로114번길 59 (사창동),
643,일반음식점,샤브도둑5 000 얼큰샤브샤브, 청주시 서원구 내수동로108번길 51  1층 (사창동),
644,일반음식점,레드락, 청주시 서원구 사직대로 140  3층 301호 (사창동  현대코아),
645,일반음식점,어울림밥상, 청주시 서원구 예체로1번길 25  2층 (개신동),
646,일반음식점,(주)수레로충대점, 청주시 서원구 1순환로672번길 22  2층 201호 (사창동),
647,일반음식점,홍스족발(홍's족발), 청주시 서원구 1순환로672번길 42  2층 (사창동),
648,일반음식점,개신풍천장어, 청주시 서원구 성봉로192번길 34-20  1층 (개신동),
649,일반음식점,농협목우촌또래오래, 청주시 서원구 창신로 22  1층 (사창동),
650,일반음식점,새빨간 죠스찜닭, 청주시 서원구 1순환로672번길 54 (사창동  (2층)),
651,일반음식점,상당해장국, 청주시 서원구 내수동로 134 (사창동 (1층)),
652,일반음식점,청주장터 순대국, 청주시 서원구 내수동로 130  1층 8호 (사창동  평화아파트),
653,일반음식점,쪼끼쪼끼개신1호점, 청주시 서원구 예체로19번길 4  2층 201호 (개신동  B동),
654,일반음식점,종가대박집, 청주시 서원구 1순환로674번길 16  1층 (사창동),
655,일반음식점,타지마할, 청주시 서원구 내수동로114번길 8 (사창동 (2층)),
656,일반음식점,러시아국수집, 청주시 서원구 사직대로124번길 7  2층 (사창동),
657,일반음식점,캠퍼스전골마당, 청주시 서원구 내수동로102번길 52-1  대승중문타운 1층 101호일부 102호 (사창동),
658,일반음식점,파브리카, 청주시 서원구 1순환로 682 (사창동  외1필지씨네타운SHOP#201~#204호 #205호일부 #206호일부2층),
659,일반음식점,치킨플러스(사창점), 청주시 서원구 사직대로 185  B동 1층 (사창동),
660,일반음식점,윤치리네, 청주시 서원구 1순환로674번길 52  2층 (사창동),
661,일반음식점,해운대횟집, 청주시 서원구 예체로1번길 38  금강빌딩   B동 1층 (개신동),
662,일반음식점,서해쭈꾸미, 청주시 서원구 모충로 48-1  가1동 1층 (개신동),
663,일반음식점,사창수산, 청주시 서원구 창신로 20  1층 (사창동),
664,일반음식점,호식이두마리치킨 사창점, 청주시 서원구 창직로 22 (사창동),
665,일반음식점,술술회포차, 청주시 서원구 봉명로 232  1층 (사창동  240-23),
666,일반음식점,명랑시대 충북대점, 청주시 서원구 1순환로672번길 64  1층 (사창동),
667,일반음식점,김대감왕족발&보쌈, 청주시 서원구 모충로25번길 12  1층 (개신동),
668,일반음식점,죽이야기 개신사창점, 청주시 서원구 1순환로 767  1층 (개신동),
669,일반음식점,갈비천왕, 청주시 서원구 성봉로220번길 58  1층 (개신동),
670,일반음식점,가마솥보리밥, 청주시 서원구 사직대로164번길 37  1층 (사창동),
671,일반음식점,꾸니굿(cunny good), 청주시 서원구 1순환로674번길 48  1층 (사창동),
672,일반음식점,갈비명가 연웅가(家), 청주시 서원구 성봉로220번길 154  1층 (개신동),
673,일반음식점,(주)에스하우스, 청주시 서원구 내수동로108번길 35  지하1층 (사창동),
674,일반음식점,해풍코다리냉면, 청주시 서원구 사직대로 179-1  1층 (사창동),
675,일반음식점,육진대한뉴스, 청주시 서원구 모충로 49  1층 (개신동),
676,일반음식점,몬스터피자, 청주시 서원구 1순환로672번길 35  1층 (사창동),
677,일반음식점,이제곧망할집, 청주시 서원구 1순환로674번길 62 (사창동  (지하 1층)),
678,일반음식점,육앤샤, 청주시 서원구 1순환로674번길 26  1층 (사창동),
679,일반음식점,굿럭(Good Luck), 청주시 서원구 내수동로108번길 27  2층 (사창동),
680,일반음식점,꼬막전문점 태, 청주시 서원구 내수동로108번길 18  1층 (사창동),
681,일반음식점,시그널피자, 청주시 서원구 신율로68번길 23  1층 (개신동),
682,일반음식점,청춘튀겨 충북대점, 청주시 서원구 1순환로672번길 34  4층 (사창동),
683,일반음식점,몬쉐프가떡닭, 청주시 서원구 1순환로674번길 66  1층 (사창동),
684,일반음식점,놀부네김치찜, 청주시 서원구 내수동로 170-1  1층 (사창동),
685,일반음식점,포차의정석, 청주시 서원구 1순환로704번길 73  2층 (사창동),
686,일반음식점,이우당, 청주시 서원구 1순환로674번길 56 (사창동 (1층)),
687,일반음식점,미스터리쿡(Mr.Lee Cook), 청주시 서원구 1순환로674번길 56  2층 (사창동),
688,일반음식점,파라다이스, 청주시 서원구 1순환로672번길 41  지하1층 (사창동),
689,일반음식점,좋은원두 일레븐 충북대점, 청주시 서원구 1순환로674번길 52  1층 (사창동),
690,일반음식점,어번브라운, 청주시 서원구 예체로 92-1  1층 2층 3층 4층 (사창동  어번브라운2),
691,일반음식점,양지순대, 청주시 서원구 내수동로 159 (사창동 (1층)),
692,일반음식점,썸(SSUM), 청주시 서원구 내수동로108번길 33 (사창동 (2층)),
